Ticker,Name
A:CN,Armor Minerals Inc
AAB:CN,Aberdeen International Inc
AAD:CN,Added Capital Inc
AAL:CN,Advantage Lithium Corp
AAV:CN,Advantage Oil & Gas Ltd
AAZ:CN,Azincourt Energy Corp
AB.H:CN,Asbestos Corp Ltd
ABM:CN,Athabasca Minerals Inc
ABT:CN,Absolute Software Corp
ABX:CN,Barrick Gold Corp
ABZ:CN,AsiaBaseMetals Inc
AC:CN,Air Canada
ACB:CN,Aurora Cannabis Inc
ACD:CN,Accord Financial Corp
ACE.H:CN,ACE Avation Holdings Inc
ACES:CN,Seven Aces Ltd
ACI:CN,AltaGas Canada Inc
ACO.X:CN,Atco Ltd
ACQ:CN,Autocanada Inc
ACR.UN:CN^19,Agellan Commercial Real Estate Investment Trust
ACS:CN,Archon Minerals Ltd
ACST:CN,Acasti Pharma Inc
ACU:CN,Aurora Solar Technologies Inc
AD:CN,Alaris Royalty Corp
ADE:CN,Adex Mining Inc
ADK:CN,Diagnos Inc
ADN:CN,Acadian Timber Corp
ADVZ:CN,Advanz Pharma Corp
ADW.A:CN,Andrew Peller Ltd
ADZN:CN,Adventus Mining Corp
AEC:CN,Anfield Energy Inc
AEM:CN,Agnico Eagle Mines Ltd
AEX:CN,AEX Gold Inc
AEZS:CN,AEterna Zentaris Inc
AFE:CN,Africa Energy Corp
AFM:CN,Alphamin Resources Corp
AFN:CN,AG Growth International Inc
AGB:CN,Atlantic Gold Corp
AGC:CN,Amarillo Gold Corp
AGD:CN,Antioquia Gold Inc
AGF.B:CN,AGF Management Ltd
AGG:CN,African Gold Group Inc
AGI:CN,Alamos Gold Inc
AGT:CN^19,AGT Food and Ingredients Inc
AGZ:CN,Ashanti Gold Corp
AHI.H:CN,Agility Health Inc
AHP:CN,Allied Hotel Properties Inc
AI:CN,Atrium Mortgage Investment Corp
AIF:CN,Altus Group Ltd
AII:CN,Almonty Industries Inc
AIM:CN,Aimia Inc
AJX:CN,AgJunction Inc
AKG:CN,Asanko Gold Inc
AKT.A:CN,Akita Drilling Ltd
AKU:CN,Akumin Inc
AL:CN,ALX Uranium Corp
ALA:CN,AltaGas Ltd
ALC:CN,Algoma Central Corp
ALD:CN,Aldever Resources Inc
ALEF:CN,Aleafia Health Inc
ALG:CN,Algold Resources Ltd
ALO:CN,Alio Gold Inc
ALS:CN,Altius Minerals Corp
ALV:CN,Alvopetro Energy Ltd
ALY:CN,AnalytixInsight Inc
ALYA:CN,Alithya Group Inc
AME:CN,Abacus Mining & Exploration Corp
AMK.V:CN,American Creek Resources Ltd
AMM:CN,Almaden Minerals Ltd
AMO:CN,Altan Rio Minerals Ltd
AMR:CN,AM Resoures Corp
AMX:CN,Amex Exploration Inc
AMZ:CN,Azucar Minerals Ltd
AN:CN,Arena Minerals Inc
ANK:CN,Angkor Gold Corp
ANX:CN,Anaconda Mining Inc
AOI:CN,Africa Oil Corp
AOT:CN,Ascot Resources Ltd
AP.UN:CN,Allied Properties Real Estate Investment Trust
APC:CN,Advanced Proteome Therapeutics Corp
APHA:CN,Aphria Inc
APR.UN:CN,Automotive Properties Real Estate Investment Trust
APS:CN,Aptose Biosciences Inc
AQA:CN,Aquila Resources Inc
AQN:CN,Algonquin Power & Utilities Corp
AQS:CN,Aequus Pharmaceuticals Inc
AR:CN,Argonaut Gold Inc
ARA:CN,Anconia Resources Corp
ARE:CN,Aecon Group Inc
ARG:CN,Amerigo Resources Ltd
ARH:CN,Altima Resources Ltd
ARX:CN,ARC Resources Ltd
ASG:CN,Aurora Spine Corp
ASL:CN,Argentum Silver Corp
ASM:CN,Avino Silver & Gold Mines Ltd
ASN:CN,Asian Mineral Resources Ltd
ASO:CN,Avesoro Resources Inc
ASP:CN,Acerus Pharmaceuticals Corp
ASR:CN,Alacer Gold Corp
AT:CN,AcuityAds Holdings Inc
ATA:CN,ATS Automation Tooling Systems Inc
ATC:CN,ATAC Resources Ltd
ATD.B:CN,Alimentation Couche-Tard Inc
ATE:CN,Antibe Therapeutics Inc
ATG.H:CN,Atlanta Gold Inc
ATH:CN,Athabasca Oil Corp
ATI:CN,Altai Resources Inc
ATL:CN,Atlatsa Resources Corp
ATP:CN,Atlantic Power Corp
ATU:CN,Altura Energy Inc
ATW:CN,ATW Tech Inc
ATX:CN,Atex Resources Inc
ATY:CN,Atico Mining Corp
ATZ:CN,Aritzia Inc
AU:CN,Aurion Resources Ltd
AUAU:CN,Allegiant Gold Ltd
AUG:CN,Auryn Resources Inc
AUMN:CN,Golden Minerals Co
AUP:CN,Aurinia Pharmaceuticals Inc
AURX:CN,Aurex Energy Corp
AUU:CN,Aura Resources Inc
AVL:CN,Avalon Advanced Materials Inc
AVN:CN,Avanti Energy Inc
AVP:CN,Avcorp Industries Inc
AW.UN:CN,A&W Revenue Royalties Income Fund
AWS:CN,Arrowstar Resources Ltd
AX.UN:CN,Artis Real Estate Investment Trust
AXE:CN,Acceleware Ltd
AXM:CN,AXMIN Inc
AXR:CN,Alexco Resource Corp
AZM:CN,Azimut Exploration Inc
AZR:CN,Azarga Metals Corp
AZZ:CN,Azarga Uranium Corp
BAD:CN,Badger Daylighting Ltd
BAM.A:CN,Brookfield Asset Management Inc
BAR:CN,Balmoral Resources Ltd
BB:CN,BlackBerry Ltd
BBB:CN,Brixton Metals Corp
BBD.B:CN,Bombardier Inc
BBI:CN^19,Blackbird Energy Inc
BBL.A:CN,Brampton Brick Ltd
BBU.UN:CN,Brookfield Business Partners LP
BCB:CN,Cott Corp
BCE:CN,BCE Inc.
BCI:CN,New Look Vision Group Inc
BCM:CN,Bear Creek Mining Corp
BCT:CN,BriaCell Therapeutics Corp
BCU:CN,Bell Copper Corp
BDI:CN,Black Diamond Group Ltd
BDT:CN,Bird Construction Inc
BEI.UN:CN,Boardwalk Real Estate Investment Trust
BEK.B:CN,Becker Milk Co Ltd (The)
BEP.UN:CN,Brookfield Renewable Partners LP
BEX:CN,Benton Resources Inc
BGM:CN,Barkerville Gold Mines Ltd
BHC:CN,Bausch Health Cos Inc
BHR:CN,Blackheath Resources Inc
BHT:CN,Braveheart Resources Inc
BIP.UN:CN,Brookfield Infrastructure Partners LP
BIR:CN,Birchcliff Energy Ltd
BITK:CN,BlockchainK2 Corp
BKI:CN,Black Iron Inc
BKM:CN,Pacific Booker Minerals Inc
BKX:CN,BNK Petroleum Inc
BLDP:CN,Ballard Power Systems Inc
BLN:CN,Blackline Safety Corp
BLR:CN,Blackhawk Resource Corp
BLU:CN,BELLUS Health Inc
BLX:CN,Boralex Inc
BMK:CN,MacDonald Mines Exploration Ltd
BMO:CN,Bank of Montreal
BNE:CN,Bonterra Energy Corp
BNG:CN,Bengal Energy Ltd
BNP:CN,Bonavista Energy Corp
BNS:CN,The Bank of Nova Scotia
BOL:CN,Bold Ventures Inc
BOS:CN,AirBoss of America Corp
BOY:CN,Boyuan Construction Group Inc
BP:CN,Backstageplay Inc
BPF.UN:CN,Boston Pizza Royalties Income Fund
BPY.UN:CN,Brookfield Property Partners LP
BQE:CN,BQE Water Inc
BR:CN,Big Rock Brewery Inc
BRAG:CN,Bragg Gaming Group Inc
BRE:CN,Bridgemarq Real Estate Services Inc
BRM:CN,Biorem Inc
BRS:CN,BRS Resources Corp
BRY:CN,Bri-Chem Corp
BSK:CN,Blue Sky Uranium Corp
BSX:CN,Belo Sun Mining Corp
BTB.UN:CN,BTB Real Estate Investment Trust
BTE:CN,Baytex Energy Corp
BTI:CN,biOasis Technologies Inc
BTO:CN,B2Gold Corp
BTR:CN,BonTerra Resources Inc
BU:CN,Burcon NutraScience Corp
BUF:CN,Buffalo Coal Corp
BUI:CN,Buhler Industries Inc
BUS:CN,Grande West Transportation Group Inc
BVA:CN,Bravada Gold Corp
BXE:CN,Bellatrix Exploration Ltd
BYD.UN:CN,Boyd Group Income Fund
BYL:CN,Baylin Technologies Inc
BYN:CN,Banyan Gold Corp
CAD:CN,Colonial Coal International Corp
CAE:CN,CAE Inc.
CAL:CN,Caledonia Mining Corp Plc
CAP:CN,Castle Peak Mining Ltd
CAR.UN:CN,Canadian Apartment Properties Real Estate Investment Trust
CAS:CN,Cascades Inc
CAV:CN,Camrova Resources Inc
CBG:CN,Chibougamau Independent Mines Inc
CBL:CN,Callidus Capital Corp
CBX:CN^19,Cortex Business Solutions Inc
CCA:CN,Cogeco Communications Inc
CCB:CN,Canada Carbon Inc
CCE:CN,Commerce Resources Corp
CCL.B:CN,CCL Industries Inc
CCM:CN,Canarc Resource Corp
CCO:CN,Cameco Corp
CCW:CN,Canada Cobalt Works Inc
CCZ:CN,Critical Control Energy Services Corp
CDAY:CN,Ceridian HCM Holding Inc
CDB:CN,Cordoba Minerals Corp
CDC:CN,Cadillac Ventures Inc
CDG:CN,Candente Gold Corp
CDH:CN,Corridor Resources Inc
CDU:CN,Cardero Resource Corp
CE:CN,Canada Energy Partners Inc
CEA:CN,Cerus Energy Group Ltd
CEO.H:CN,Clydesdale Resources Inc
CERV:CN,Cervus Equipment Corp
CET:CN,Cathedral Energy Services Ltd
CEU:CN,CES Energy Solutions Corp
CF:CN,Canaccord Genuity Group Inc
CFF:CN,Conifex Timber Inc
CFM:CN,Confederation Minerals Ltd
CFP:CN,Canfor Corp
CFW:CN,Calfrac Well Services Ltd
CFX:CN,Canfor Pulp Products Inc
CFY:CN,CF Energy Corp
CG:CN,Centerra Gold Inc
CGG:CN,China Gold International Resources Corp Ltd
CGLD:CN,Core Gold Inc
CGM:CN,California Gold Mining Inc
CGO:CN,Cogeco Inc
CGP:CN,Cornerstone Capital Resources Inc
CGT:CN,Columbus Gold Corp
CGX:CN,Cineplex Inc
CGY:CN,Calian Group Ltd
CHE.UN:CN,Chemtrade Logistics Income Fund
CHH:CN,Centric Health Corp
CHN:CN,China Education Resources Inc
CHP.UN:CN,Choice Properties Real Estate Investment Trust
CHR:CN,Chorus Aviation Inc
CHTA:CN,Cheetah Canyon Resources Corp
CHW:CN,Chesswood Group Ltd
CHY.H:CN,Cypress Hills Resource Corp
CIA:CN,Champion Iron Ltd
CIGI:CN,Colliers International Group Inc
CIX:CN,CI Financial Corp
CJ:CN,Cardinal Energy Ltd
CJC:CN,Quebec Precious Metals Corp
CJR.B:CN,Corus Entertainment Inc
CJT:CN,Cargojet Inc
CKE:CN,Chinook Energy Inc
CKG:CN,Chesapeake Gold Corp
CKI:CN,Clarke Inc
CKK:CN,Cordy Oilfield Services Inc
CLE:CN,Clean Commodities Corp
CLH:CN,Coral Gold Resources Ltd
CLIQ:CN,Alcanna Inc
CLR:CN,Clearwater Seafoods Inc
CLS:CN,Celestica Inc
CM:CN,Canadian Imperial Bank of Commerce
CMB:CN,CMC Metals Ltd
CMG:CN,Computer Modelling Group Ltd
CMH:CN,Carmanah Technologies Corp
CMI:CN,C-Com Satellite Systems Inc
CML:CN,Canickel Mining Ltd
CMM.C:CN,Copper Mountain Mining Corporation
CMO.H:CN,Cliffmont Resources Ltd
CMX:CN,Chilean Metals Inc
CNE:CN,Canacol Energy Ltd
CNL:CN,Continental Gold Inc
CNQ:CN,Canadian Natural Resources Ltd
CNR:CN,Canadian National Railway Co
CNS:CN,Contagious Gaming Inc
CNT:CN,Century Global Commodities Corp
CNU:CN,Cnooc Ltd
COBC:CN,Cobalt Blockchain Inc
COL:CN,Copper North Mining Corp
COP:CN,Coro Mining Corp
CORV:CN,Correvio Pharma Corp
COT:CN,Cotinga Pharmaceuticals Inc
COV:CN,Covalon Technologies Ltd
CP:CN,Canadian Pacific Railway Ltd
CPG:CN,Crescent Point Energy Corp
CPH:CN,Cipher Pharmaceuticals Inc
CPI:CN,Condor Petroleum Inc
CPM:CN,Crystal Peak Minerals Inc
CPS:CN,Canadian Prem Sand Inc
CPX:CN,Capital Power Corp
CQE:CN,Cequence Energy Ltd
CQR:CN,Conquest Resources Ltd
CR:CN,Crew Energy Inc
CRDL:CN,Cardiol Therapeutics Inc
CRE:CN,Critical Elements Corp
CRH:CN,CRH Medical Corp
CRON:CN,Cronos Group Inc
CRP:CN,Ceres Global Ag Corp
CRR.UN:CN,Crombie Real Estate Investment Trust
CRT.UN:CN,CT Real Estate Investment Trust
CRWN:CN,Crown Capital Partners Inc
CRX:CN,Cerro Mining Corp
CS:CN,Capstone Mining Corp
CSH.UN:CN,Chartwell Retirement Residences
CSL:CN,Comstock Metals Ltd
CSM:CN,ClearStream Energy Services Inc
CSO:CN,Corsa Coal Corp
CSU:CN,Constellation Software Inc
CSW.A:CN,Corby Spirit and Wine Ltd
CTC.A:CN,Canadian Tire Corp Ltd
CTM:CN,Canterra Minerals Corp
CTN:CN,Centurion Minerals Ltd
CTO:CN,Circa Enterprises Inc
CTU:CN,Le Chateau Inc
CTX:CN,Crescita Therapeutics Inc
CU:CN,Canadian Utilities Ltd
CUDA:CN,Cuda Oil And Gas Inc
CUF.UN:CN,Cominar Real Estate Investment Trust
CUU:CN,Copper Fox Metals Inc
CV:CN,Chantrell Ventures Corp
CVE:CN,Cenovus Energy Inc
CVG:CN,Clairvest Group Inc
CVV:CN,CanAlaska Uranium Ltd
CVX:CN,CEMATRIX Corp
CWB:CN,Canadian Western Bank
CWC:CN,CWC Energy Services Corp
CWI:CN,Crosswinds Holdings Inc
CWL:CN,Caldwell Partners International Inc (The)
CWV:CN,Crown Point Energy Inc
CWX:CN,CanWel Building Materials Group Ltd
CXA.H:CN,Consolidated HCI Holdings Corp
CXI:CN,Currency Exchange International Corp
CXO:CN,Colorado Resources Ltd
CYM:CN,Cymat Technologies Ltd
CYP:CN,Cypress Development Corp
CYX:CN,Calyx Ventures Inc
CZO:CN,Ceapro Inc
CZQ:CN,Continental Precious Minerals Inc
D.UN:CN,Dream Office Real Estate Investment Trust
DAN:CN,Arianne Phosphate Inc
DBO:CN,D-Box Technologies Inc
DBV:CN,Doubleview Capital Corp
DC.A:CN,Dundee Corp
DCF:CN,Difference Capital Financial Inc
DCM:CN,Data Communications Management Corp
DE:CN,Decisive Dividend Corp
DEE:CN,Delphi Energy Corp
DEX:CN,Almadex Minerals Ltd
DFR:CN,Diamond Fields Resources Inc
DGC:CN,Detour Gold Corp
DHX:CN,DHX Media Ltd
DIAM:CN,Star Diamond Corp
DII.B:CN,Dorel Industries Inc
DIR.UN:CN,Dream Industrial Real Estate Investment Trust
DIV:CN,Diversified Royalty Corp
DJI:CN,Dajin Resources Corp
DLS:CN,DealNet Capital Corp
DMA:CN,DiaMedica Therapeutics Inc
DMI:CN,Diamcor Mining Inc
DML:CN,Denison Mines Corp
DNG:CN,Dynacor Gold Mines Inc
DNT:CN,Candente Copper Corp
DNX:CN^19,Dynex Power Inc
DOL:CN,Dollarama Inc
DOO:CN,BRP Inc
DOS:CN,Dios Exploration Inc
DPM:CN,Dundee Precious Metals Inc
DR:CN,Medical Facilities Corp
DRG.UN:CN,Dream Global REIT
DRM:CN,DREAM Unlimited Corp
DRT:CN,DIRTT Environmental Solutions Ltd
DRX:CN,ADF Group Inc
DSG:CN,Descartes Systems Group Inc (The)
DUG:CN,Distinct Infrastructure Group Inc
DV:CN,Dolly Varden Silver Corp
DVG:CN,Divergent Energy Services Corp
DVI:CN,Dunnedin Ventures Inc
DVT:CN,Divestco Inc
DWS:CN,Diamond Estates Wines & Spirits Inc
DXI:CN,DXI Energy Inc
DYA:CN,Dynacert Inc
E:CN,Enterprise Group Inc
EAM:CN,East Africa Metals Inc
EAS:CN,East Asia Minerals Corp
EBM:CN,Eastwood Bio-Medical Canada Inc
ECA:CN,Encana Corp
ECC:CN,Ethos Gold Corp
ECN:CN,ECN Capital Corp
ECO:CN,ECOSYNTHETIX Inc
ECR:CN,Cartier Resources Inc
ECS:CN,eCobalt Solutions Inc
ECT:CN,Ellipsiz Communications Ltd
ECX.H:CN,EastCoal Inc
EDR:CN,Endeavour Silver Corp
EDT:CN,Spectral Medical Inc
EDV:CN,Endeavour Mining Corp
EFH:CN,Echelon Financial Holdings Inc
EFL:CN,Electrovaya Inc
EFN:CN,Element Fleet Management Corp
EFR:CN,Energy Fuels Inc
EFX:CN,Enerflex Ltd
EGA:CN,Eagle Graphite Inc
EGD:CN,Energold Drilling Corp
EGL:CN,Eagle Energy Inc
EGM:CN,Engold Mines Ltd
EGT:CN,Eguana Technologies Inc
EHT:CN,Enerdynamic Hybrid Technologies Corp
EIF:CN,Exchange Income Corp
EIL:CN,Empire Industries Ltd
EKG:CN,CardioComm Solutions Inc
EL:CN,Engagement Labs Inc
ELD:CN,Eldorado Gold Corp
ELF:CN,E-L Financial Corp Ltd
ELR:CN,Eastern Platinum Ltd
EMA:CN,Emera Inc
EMC:CN^19,Emblem Corp
EMM:CN,Giyani Metals Corp
EMP.A:CN,Empire Co Ltd
EMX:CN,EMX Royalty Corp
ENA:CN,Enablence Technologies Inc
ENB:CN,Enbridge Inc
ENGH:CN,Enghouse Systems Ltd
ENT:CN,Entrec Corp
ENW:CN,EnWave Corp
EOG:CN,Eco (Atlantic) Oil & Gas Ltd
EOX:CN,Euromax Resources Ltd
EPI:CN,ESSA Pharma Inc
EPL:CN,Eagle Plains Resources Ltd
EPO:CN,Encanto Potash Corp
EPS:CN,Epsilon Energy Ltd
EQ:CN,EQ Inc
EQB:CN,Equitable Group Inc
EQX:CN,Equinox Gold Corp
ER:CN,Eastmain Resources Inc
ERA:CN,Elcora Advanced Materials Corp
ERD:CN,Erdene Resource Development Corp
ERF:CN,Enerplus Corp
ERM:CN^19,Eclipse Residential Mortgage Investment Corp
ERO:CN,Ero Copper Corp.
ESI:CN,Ensign Energy Services Inc
ESK:CN,Eskay Mining Corp
ESM:CN,Euro Sun Mining Inc
ESN:CN,Essential Energy Services Ltd
ESP:CN^19,Espial Group Inc
ESR:CN,Esrey Resources Ltd
ESU:CN,EEStor Corp
ESX:CN,Essex Minerals Inc
ET:CN,Evertz Technologies Ltd
ETG:CN,Entree Resources Ltd
ETX:CN,Etrion Corp
EU:CN,Encore Energy Corp
EUO:CN,Talisker Resources ltd
EVM:CN,Evrim Resources Corp
EVR:CN,Everton Resources Inc
EVX:CN,European Electric Metals Inc
EW:CN,East West Petroleum Corp
EWS:CN,Environmental Waste International Inc
EXE:CN,Extendicare Inc
EXF:CN,EXFO Inc
EXN:CN,Excellon Resources Inc
EXP:CN,Experion Holdings Ltd
EYC:CN,Eyecarrot Innovations Corp
FA:CN,Fountain Asset Corp
FAR:CN,Foraco International SA
FC:CN,Firm Capital Mortgage Investment Corp
FCC:CN,First Cobalt Corp
FCD.UN:CN,Firm Capital Property Trust
FCF:CN,Founders Advantage Capital Corp
FCR:CN,First Capital Realty Inc
FCU:CN,Fission Uranium Corp
FDI:CN,Findev Inc
FE:CN,First Energy Metals Ltd
FEC:CN,Frontera Energy Corporation
FEO:CN,Oceanic Iron Ore Corp
FF:CN,First Mining Gold Corp
FFH:CN,Fairfax Financial Holdings Ltd
FGC:CN,Frontline Gold Corp
FGE:CN,Fortress Global Enterprises Inc
FGR:CN,Fengro Industries Corp
FI.H:CN,First Idaho Resources Inc
FISH:CN,Sailfish Royalty Corp
FLGC:CN,Fanlogic interactive inc
FLY:CN,FLYHT Aerospace Solutions Ltd
FM:CN,First Quantum Minerals Ltd
FMC:CN,Forum Energy Metals Corp
FMM:CN,Full Metal Minerals Ltd
FMS:CN,Focus Graphite Inc
FN:CN,First National Financial Corp
FNV:CN,Franco-Nevada Corp
FO:CN,Falcon Oil & Gas Ltd
FOOD:CN,Goodfood Market Corp
FOR:CN,Fortune Bay Corp
FP:CN,FP Newspapers Inc
FPC:CN,Falco Resources Ltd
FPX:CN,FPX Nickel Corp
FR:CN,First Majestic Silver Corp
FRII:CN,Freshii Inc
FRN:CN,Feronia Inc
FRO.UN:CN,Fronsac Real Estate Investment Trust
FRU:CN,Freehold Royalties Ltd
FRX:CN,Fennec Pharmaceuticals Inc
FSV:CN,FirstService Corp
FSY:CN,Forsys Metals Corp
FSZ:CN,Fiera Capital Corp
FT:CN,Fortune Minerals Ltd
FTG:CN,Firan Technology Group Corp
FTS:CN,Fortis Inc
FTT:CN,Finning International Inc
FUU:CN,Fission 3.0 Corp
FV:CN,Firestone Ventures Inc
FVI:CN,Fortuna Silver Mines Inc
FVL:CN,Freegold Ventures Ltd
FW:CN,Flow Capital Corp
G:CN^19,Goldcorp Inc.
GAL:CN,Galantas Gold Corp
GBT:CN,BMTC Group Inc
GBU:CN,Gabriel Resources Ltd
GC:CN,Great Canadian Gaming Corp
GCG.A:CN,Guardian Capital Group Ltd
GCL:CN,Colabor Group Inc
GCM:CN,Gran Colombia Gold Corp
GCR:CN,Gespeg Copper Resources Inc
GCT:CN,GVIC Communications Corp
GDC:CN,Genesis Land Development Corp
GDI:CN,GDI Integrated Facility Services Inc
GDL:CN,Goodfellow Inc
GEI:CN,Gibson Energy Inc
GEM:CN,Bhang Inc
GEN:CN,GeneNews Ltd
GEO:CN,Geodrill Ltd
GG:CN,Galane Gold Ltd
GGA:CN,Goldgroup Mining Inc
GGD:CN,Gogold Resources Inc
GGL:CN,GGL Resources Corp
GH:CN,Gamehost Inc
GIB.A:CN,CGI Inc
GIGA:CN,Giga Metals Corp
GIL:CN,Gildan Activewear Inc
GIT:CN,Gitennes Exploration Inc
GLG:CN,GLG Life Tech Corp
GLW:CN,Galway Gold Inc
GMA:CN,Geomega Resources Inc
GMN:CN,GobiMin Inc
GMO:CN,General Moly Inc
GMP:CN,GMP Capital Inc
GMX:CN,Globex Mining Enterprises Inc
GNC:CN,Gainey Capital Corp
GNF:CN,Greenfields Petroleum Corp
GNT:CN,Gentor Resources Inc
GOE:CN,Goldeneye Resources Corp
GOK:CN,GINSMS Inc
GOLD:CN,Goldmining Inc
GOOS:CN,Canada Goose Holdings Inc
GPG:CN,Grande Portage Resources Ltd
GPH:CN,Graphite One Inc
GPR:CN,Great Panther Mining Limited
GPS:CN^19,BSM Technologies Inc
GPY:CN,Golden Predator Mining Corp
GQ:CN,Great Quest Fertilizer Ltd
GQC:CN,GoldQuest Mining Corp
GQM:CN,Golden Queen Mining Co Ltd
GRB:CN,Greenbriar Capital Corp
GRDM:CN,Grid Metals Corp
GRG:CN,Golden Arrow Resources Corp
GRO:CN,Growmax Resources Corp
GROW:CN,CO2 Gro Inc
GRT.UN:CN,Granite Real Estate Investment Trust
GRZ:CN,Gold Reserve Inc
GS:CN^19,Gluskin Sheff Associates Inc
GSA:CN,Groundstar Resources Ltd
GSC:CN,Golden Star Resources Ltd.
GSI:CN,Gatekeeper Systems Inc
GSP:CN,Gensource Potash Corp
GSV:CN,Gold Standard Ventures Corp
GSY:CN,goeasy Ltd
GTA:CN,GTA Resources and Mining Inc
GTE:CN,Gran Tierra Energy Inc
GTMS:CN,Greenbrook TMS Inc
GTWO:CN,G2 Goldfields Inc
GUD:CN,Knight Therapeutics Inc
GUG:CN,Gungnir Resources Inc
GUY:CN,Guyana Goldfields Inc
GVC:CN,Glacier Media Inc
GVR:CN,Grosvenor Resource Corp
GWO:CN,Great-West Lifeco Inc
GWR:CN,Global Water Resources Inc
GXE:CN,Gear Energy Ltd
GXO:CN,Granite Oil Corp
GZZ:CN,Golden Valley Mines Ltd
H:CN,Hydro One Ltd
HAN:CN,Hannan Metals Ltd
HBC:CN,Hudson's Bay Co
HBE:CN,Hornby Bay Exploration Ltd
HBM:CN,Hudbay Minerals Inc
HBP:CN,Helix BioPharma Corp
HCG:CN,Home Capital Group Inc
HDI:CN,Hardwoods Distribution Inc
HE:CN,Hanwei Energy Services Corp
HEM:CN,Hemostemix Inc
HEO:CN,H2O Innovation Inc
HI:CN,Highland Copper Co Inc
HIP:CN^19,Newstrikes Brand Ltd
HIVE:CN,Hive Blockchain Technologies Ltd
HLC:CN,Holloway Lodging Corp
HLF:CN,High Liner Foods Inc
HME:CN,Hemisphere Energy Corp
HMI:CN,Hinterland Metals Inc
HMM:CN,Hammond Manufacturing Co Ltd
HMT:CN,Halmont Properties Corp
HNL:CN,Horizon North Logistics Inc
HOC:CN,Hunter Oil Corp
HOT.UN:CN,American Hotel Income Properties REIT LP
HPI:CN,Highbury Projects Inc
HPL:CN,Horizon Petroleum Ltd
HPQ:CN,HPQ-Silicon Resources Inc
HPS.A:CN,Hammond Power Solutions Inc
HR.UN:CN,H&R Real Estate Investment Trust
HRC:CN,Helio Resource Corp
HRE:CN,Stans Energy Corp
HRT:CN,Harte Gold Corp
HRX:CN,Heroux-Devtek Inc
HSE:CN,Husky Energy Inc
HSM:CN,Helius Medical Technologies Inc
HTC:CN,HTC Purenergy Inc
HTR:CN,Heatherdale Resources Ltd
HUD:CN,Hudson Resources Inc
HWO:CN,High Arctic Energy Services Trust
HXI:CN,Hooxi Network Inc
HYD:CN,Hyduke Energy Services Inc
HYG:CN,Hydrogenics Corp
IAG:CN,IA Financial Corp
IAM:CN,Integrated Asset Management Corp
IBG:CN,IBI Group Inc
IBIT:CN,Interbit Ltd
IBT:CN,Ibex Technologies Inc
ICE:CN,Canlan Ice Sports Corp
ICL:CN,Itasca Capital Ltd
ICM:CN,Iconic Minerals Ltd
ICO:CN,iCo Therapeutics Inc
IDG:CN,Indigo Books & Music Inc
IDI:CN,Indico Resources Ltd
IDL:CN,Imaging Dynamics Co Ltd
IDM:CN^19,IDM Mining Ltd
IEI:CN,Imperial Equities Inc
IFA:CN,iFabric Corp
IFC:CN,Intact Financial Corp
IFOS:CN,Itafos
IFP:CN,Interfor Corp
IFR:CN,International Frontier Resources Corp
IFX:CN,Imaflex Inc
IGAM:CN^19,Integrity Gaming Corp
IGM:CN,IGM Financial Inc.
IGO:CN,Independence Gold Corp
IGP:CN,Imperial Ginseng Products Ltd
IGX:CN,IntelGenx Technologies Corp
III:CN,Imperial Metals Corp
IIP.UN:CN,InterRent Real Estate Investment Trust
ILA:CN,iLOOKABOUT Corp
IMA:CN,I-Minerals Inc
IMG:CN,IAMGold Corp
IMO:CN,Imperial Oil Ltd
IMP:CN,Intermap Technologies Corp
IMV:CN,IMV Inc
IN:CN,InMed Pharmaceuticals Inc
INE:CN,Innergex Renewable Energy Inc
INLA:CN,Interlapse Technologies Corp
INO.UN:CN,Inovalis Real Estate Investment Trust
INP:CN,Input Capital Corp
INQ:CN,INSCAPE Corp
INV:CN,INV Metals Inc
IO:CN,Inca One Gold Corp
IOM:CN,Assure Holdings Corp
IOU:CN,IOU Financial Inc
IPA:CN,ImmunoPrecise Antibodies Ltd
IPCI:CN,IntelliPharmaCeutics International Inc
IPCO:CN,International Petroleum Corporation
IPL:CN,Inter Pipeline Ltd
IPLP:CN,IPL Plastics Inc
IPO:CN,InPlay Oil Corp
IPT:CN,IMPACT Silver Corp
IQ:CN,AirIQ Inc
IRO:CN,Inter-Rock Minerals Inc
IRON:CN,Alderon Iron Ore Corp
ISD:CN,iSign Media Solutions Inc
ISO:CN,IsoEnergy Ltd
ISV:CN,Information Services Corp
ITC:CN,Intrinsyc Technologies Corp
ITH:CN,International Tower Hill Mines Ltd
ITP:CN,Intertape Polymer Group Inc.
ITX:CN,Intertain Group Ltd (The)
IVN:CN,Ivanhoe Mines Ltd
IVS:CN,Inventus Mining Corp
IVX:CN,Inventronics Ltd
IZZ:CN,International Prospect Ventures Ltd
JAEG:CN,Jaeger Resources Corp
JAG:CN,Jaguar Mining Inc
JDN:CN,Jayden Resources Inc
JE:CN,Just Energy Group Inc
JEC:CN,Jura Energy Corp
JFC:CN,Jaguar Financial Corp
JOY:CN,Journey Energy Inc
JP:CN,Jackpot Digital Inc
JSE:CN,Jadestone Energy Inc
JSP:CN,Jasper Mining Corp
JTR:CN,GreenSpace Brands Inc
JWEL:CN,Jamieson Wellness Inc
K:CN,Kinross Gold Corp
KAT:CN,Katanga Mining Ltd
KBL:CN,K-Bro Linen Inc
KCC:CN,Kincora Copper Ltd
KEG.UN:CN,Keg Royalties Income Fund (The)
KEL:CN,Kelt Exploration Ltd
KER:CN,Kerr Mines Inc
KES:CN,Kesselrun Resources Ltd
KEY:CN,Keyera Corp
KL:CN,Kirkland Lake Gold Ltd
KLE:CN,Kingsland Energy Corp
KLS:CN,Kelso Technologies Inc
KMAX:CN,Organimax Nutrient Corp
KML:CN,Kinder Morgan Canada Ltd
KMP.UN:CN,Killam Apartment REIT
KNT:CN,K92 Mining Inc
KOR:CN,Corvus Gold Inc
KPT:CN,KP Tissue Inc
KRN:CN,Karnalyte Resources Inc
KTN:CN,Kootenay Silver Inc
KTO:CN,K2 Gold Corp
KUB:CN,CUB Energy Inc
KUR.H:CN,Kure Technologies Inc
KUU:CN,KuuHubb Inc
KXS:CN,Kinaxis Inc
KZD:CN,Kaizen Discovery Inc
L:CN,Loblaw Cos Ltd
LA:CN,Los Andes Copper Ltd
LAC:CN,Lithium Americas Corp
LAM:CN,Laramide Resources Ltd
LAS.A:CN,Lassonde Industries Inc
LAT:CN,Latin American Minerals Inc
LB:CN,Laurentian Bank Of Canada
LBC:CN,Libero Copper Corp
LBL:CN,Lattice Biologics Ltd
LBS:CN,Life & Banc Split Corp
LEM:CN,Leading Edge Materials Corp
LEN:CN,Lund Enterprises Corp
LFX:CN^19,LeadFX Inc
LGD:CN,Liberty Gold Corp
LGO:CN,Largo Resources Ltd
LGT.B:CN,Logistec Corp
LHR:CN,Lakeview Hotel Investment Corp
LIC:CN,LiCo Energy Metals Inc.
LIF:CN,Labrador Iron Ore Royalty Corp
LIO:CN,Lion One Metals Ltd
LLC:CN^19,Lorraine Copper Corp
LLG:CN,Mason Graphite Inc
LM:CN,Lingo Media Corp
LMC:CN,Leagold Mining Corp
LMD:CN,LED Medical Diagnostics Inc
LME:CN,Laurion Minerals Exploration Inc
LN:CN,Loncor Resources Inc
LNE.H:CN,Loon Energy Corp
LNF:CN,Leon's Furniture Ltd
LNR:CN,Linamar Corp
LOT:CN,TomaGold Corp
LPK:CN,Lupaka Gold Corp
LRA:CN,Lara Exploration Ltd
LRT.UN:CN,Lanesborough Real Estate Investment Trust
LSC:CN^19,LSC Lithium Corporation
LTV:CN,LeoNovus Inc
LTX:CN,Labrador Technologies Inc
LUC:CN,Lucara Diamond Corp
LUG:CN,Lundin Gold Inc
LUKY:CN,Luckystrike Resources Ltd
LUN:CN,Lundin Mining Corp
LVN:CN,Levon Resources Ltd
LX.H:CN,Lincoln Ventures Ltd
LXE:CN,Leucrotta Exploration Inc
LXR:CN,LXRandCo Inc
LYD:CN,Lydian International Ltd
M:CN,Mosaic Capital Corp
MAC:CN,THEMAC Resources Group Ltd
MAG:CN,MAG Silver Corp
MAI:CN,Minera Alamos Inc
MAL:CN,Magellan Aerospace Corp
MAV:CN,MAV Beauty Brands Inc
MAW:CN,Mawson Resources Ltd
MAX:CN,Midas Gold Corp
MAXR:CN,Maxar Technologies Inc
MAZ.H:CN,Mazarin Inc
MBA:CN,CIBT Education Group Inc
MBI:CN,Med BioGene Inc
MBO:CN,Mobio Technologies Inc
MBR:CN,MBMI Resources Inc
MBX:CN,Microbix Biosystems Inc
MCA.H:CN,Milner Consolidated Silver Mines Ltd
MCB:CN,McCoy Corp
MCG:CN,Mountain China Resorts Holding Ltd
MCR:CN,Macro Enterprises
MCS:CN,McChip Resources Inc
MD:CN,Midland Exploration Inc
MDF:CN,Mediagrif Interactive Technologies Inc
MDI:CN,Major Drilling Group International Inc
MDNA:CN,Medicenna Therapeutics Corp
MDP:CN,Medexus Pharmaceuticals Inc
ME:CN,Moneta Porcupine Mines Inc
MEG:CN,MEG Energy Corp
MEQ:CN,Mainstreet Equity Corp
MET:CN,Metalore Resources Ltd
MFC:CN,Manulife Financial Corp
MFI:CN,Maple Leaf Foods Inc
MFM:CN,Marifil Mines Ltd
MFS:CN,Medifocus Inc
MG:CN,Magna International Inc.
MGA:CN,Mega Uranium Ltd
MGM:CN,Maple Gold Mines Ltd
MGZ:CN,Mangazeya Mining Ltd
MI.UN:CN,Minto Apartment
MIC:CN,Genworth MI Canada Inc
MIR:CN,Medmira Inc
MIT:CN,Mint Corp (The)
MJS:CN,Majestic Gold Corp
MK.H:CN,MK2 Ventures Ltd
MKA:CN,Mkango Resources Ltd
MKP:CN,MCAN Mortgage Corp
MKT:CN,DeepMarkit Corp
MKZ.UN:CN,Mackenzie Master LP
ML:CN,Millennial Lithium Corp
MLR:CN,Melior Resources Inc
MMM:CN,Minco Capital Corp
MMY:CN,Monument Mining Ltd
MN:CN,Manganese X Energy Corp
MND:CN,Mandalay Resources Corp
MOGO:CN,Mogo Finance Technology Inc
MOL:CN,Molori Energy Inc
MOS:CN,Mobi724 Global Solutions Inc
MOZ:CN,Marathon Gold Corp
MPC:CN,Madison Pacific Properties Inc
MPH:CN,Medicure Inc
MPVD:CN,Mountain Province Diamonds Inc
MQR:CN,Monarch Gold Corp
MR.UN:CN,Melcor Real Estate Investment Trust
MRC:CN,Morguard Corp
MRD:CN,Melcor Developments Ltd
MRE:CN,Martinrea International Inc
MRG.UN:CN,Morguard North American Residential Real Estate Investment Trust
MRO:CN,Millrock Resources Inc
MRT.UN:CN,Morguard Real Estate Investment Trust
MRU:CN,Metro Inc
MRZ:CN,Mirasol Resources Ltd
MSI:CN,Morneau Shepell Inc
MSV:CN,Minco Silver Corp
MTC:CN,MetalCorp Ltd
MTL:CN,Mullen Group Ltd
MTS:CN,Metallis Resources Inc
MTT:CN,Magna Terra Minerals Inc
MTU:CN,Manitou Gold Inc
MTX:CN,Metalex Ventures Ltd
MTY:CN,MTY Food Group Inc
MUN:CN,Mundoro Capital Inc
MUX:CN,McEwen Mining Inc
MVI:CN,Monitor Ventures Inc
MVN:CN,Madalena Energy Inc
MWX:CN,Mineworx Technologies Ltd
MX:CN,Methanex Corp
MXG:CN,Maxim Power Corp
MYA:CN,Maya Gold & Silver Inc
NA:CN,National Bank of Canada
NAM:CN,New Age Metals Inc
NAN:CN,North American Nickel Inc
NAR:CN,North Arrow Minerals Inc
NB:CN,Niocorp Developments Ltd
NBY:CN,Niobay Metals Inc
NCF:CN,Northcliff Resources Ltd
NCP:CN,Nickel Creek Platinum Corp
NCU:CN,Nevada Copper Corp
NCX:CN,NorthIsle Copper and Gold Inc
NDM:CN,Northern Dynasty Minerals Ltd
NDR:CN,New Dimension Resources Ltd
NEE:CN,Northern Vertex Mining Corp
NEPT:CN,Neptune Wellness Solution Inc
NER:CN,Newmac Resources Inc
NEXA:CN,Nexa Resources SA
NEXT:CN,NextSource Materials Inc
NFD.A:CN,Northfield Capital Corp
NFI:CN,NFI Group Inc
NG:CN,NovaGold Resources Inc
NGC:CN,Northern Graphite Corp
NGD:CN,New Gold Inc
NGH.H:CN,Nexia Health Technologies Inc
NGQ:CN,NGEx Resources Inc
NHK:CN,Nighthawk Gold Corp
NIC:CN,Pure Nickel Inc
NIF.UN:CN,Noranda Income Fund
NINE:CN,Delta 9 Cannabis Inc
NIO:CN,Niocan Inc
NIR:CN,Noble Iron Inc
NKO:CN,Niko Resources Ltd
NKW:CN,NaiKun Wind Energy Group Inc
NMI:CN,Namibia Critical Metals Inc
NML:CN,New Millennium Iron Corp
NMX:CN,Nemaska Lithium Inc
NNA:CN,New Nadina Explorations Ltd
NNP:CN,NewNorth Projects Ltd
NOA:CN,North American Construction Group Ltd
NOT:CN,Noront Resources Ltd
NPI:CN,Northland Power Inc
NPK:CN,Verde AgriTech plc
NRG:CN,Newrange Gold Corp
NRI:CN,Nuvo Pharmaceuticals Inc
NSU:CN^19,Nevsun Resources Ltd
NTE:CN,Network Media Group Inc
NTR:CN,Nutrien Ltd
NTRL:CN,Sweet Natural Trading Co Ltd
NTS:CN,Nanotech Security Corp
NU:CN,NeutriSci International Inc
NUAG:CN,New Pacific Metals Corp
NUG:CN,NuLegacy Gold Corp
NUS:CN,Nautilus Minerals Inc
NVA:CN,NuVista Energy Ltd
NVCN:CN,Neovasc Inc
NVO:CN,Novo Resources Corp
NVU.UN:CN,Northview Apartment Real Estate Investment Trust
NWC:CN,North West Co Inc (The)
NWH.UN:CN,Northwest Healthcare Properties Real Estate Investment Trust
NWX:CN,Newport Exploration Ltd
NXE:CN,NexGen Energy Ltd
NXG:CN,NexgenRX Inc
NXJ:CN,NexJ Systems Inc
NXO:CN,Nexoptic Technology Corp
NXR.UN:CN,Nexus Real Estate Investment Trust
NXT:CN,Natcore Technology Inc
NZ:CN,New Zealand Energy Corp
NZC:CN,NorZinc Ltd
NZZ:CN,Nitinat Minerals Corp
OBE:CN,Obsidian Energy Ltd
OCG:CN,Outcrop Gold Corp
OCN:CN,Oceanus Resources Corp
OCO:CN,Oroco Resource Corp
OEE:CN,Astrix Networks Inc
OEG:CN,ONEnergy Inc
OGC:CN,OceanaGold Corp
OGD:CN,Orbit Garant Drilling Inc
OGI:CN,OrganiGram Holdings Inc
OLA:CN,Orla Mining Ltd
OLV:CN,Olivut Resources Ltd
OLY:CN,Olympia Financial Group Inc
OMI:CN,Orosur Mining Inc
OML:CN,Omni-Lite Industries Canada Inc
ONC:CN,Oncolytics Biotech Inc
ONE:CN,01 Communique Laboratory Inc
ONEX:CN,ONEX Corp
OOO:CN,Otis Gold Corp
OOR:CN,Opus One Resources Inc
OPS:CN,Opsens Inc
OPT:CN,Optiva Inc
OPW:CN,Opawica Explorations Inc
OR:CN,Osisko Gold Royalties Ltd
ORA:CN,Aura Minerals Inc
ORC.B:CN,Orca Exploration Group Inc
ORE:CN,Orezone Gold Corp
ORG:CN,Orca Gold Inc
ORV:CN,Orvana Minerals Corp
OSB:CN,Norbord Inc
OSK:CN,Osisko Mining Inc
OSU:CN,Orsu Metals Corp
OTEX:CN,Open Text Corp
OVT:CN,Oculus Visiontech Inc
OXC:CN,Oryx Petroleum Corp Ltd
OY:CN,Oyster Oil and Gas Ltd
OYL:CN,CGX Energy Inc
PAAS:CN,Pan American Silver Corp
PAC:CN,Pacton Gold Inc
PAR.UN:CN,Partners Real Estate Investment Trust
PAS:CN,Pascal Biosciences Inc
PATH:CN,Counterpath Corp
PAY:CN,Posera Ltd
PBH:CN,Premium Brands Holdings Corp
PBL:CN,Pollard Banknote Ltd
PBR:CN,Para Resources Inc
PCO:CN,Phoenix Canada Oil Co Ltd
PCQ:CN,Petrolympic Ltd
PCY:CN,Prophecy Coal Corp
PD:CN,Precision Drilling Corp
PDL:CN,North American Palladium Ltd.
PDQ:CN,Petrodorado Energy Ltd
PED:CN,Pedro Resources Ltd
PEGI:CN,Pattern Energy Group Inc
PEH:CN,Primeline Energy Holdings Inc
PEI:CN,Prospera Energy Inc
PEO:CN,People Corp
PEY:CN,Peyto Exploration & Development Corp
PFB:CN,PFB Corp
PFM:CN,ProntoForms Corp
PG:CN,Premier Gold Mines Ltd
PGF:CN,Pengrowth Energy Corp
PGLC:CN^19,Pershing Gold Corp
PGM:CN,Pure Gold Mining Inc
PHO:CN,Photon Control Inc
PHX:CN,PHX Energy Services Corp
PIF:CN,Polaris Infrastructure Inc
PJX:CN,PJX Resources Inc
PKI:CN,Parkland Fuel Corp
PKT:CN,Parkit Enterprise Inc
PL:CN,Pinnacle Renewable Energy Inc
PLA:CN,Plata Latina Minerals Corp
PLC:CN,Park Lawn Corp
PLI:CN,ProMetic Life Sciences Inc
PLU:CN,Plateau Energy Metals Inc
PLY:CN,Playfair Mining Ltd
PLZ.UN:CN,Plaza Retail REIT
PMA:CN^19,PetroMaroc Corp Plc
PML:CN,Panoro Minerals Ltd
PMN:CN,ProMIS Neurosciences Inc
PMT:CN,Perpetual Energy Inc
PMTS:CN,CPI Card Group Inc
PMX:CN,ProAm Exploration Corp
PNC.A:CN,Postmedia Network Canada Corp
PNE:CN,Pine Cliff Energy Ltd
PNP:CN,Pinetree Capital Ltd
POC:CN,Pacific Iron Ore Corp
POE:CN,Pan Orient Energy Corp
POG:CN,Perisson Petroleum Corp
POI.H:CN,Pounce Technologies Inc
POM:CN,PolyMet Mining Corp
PONY:CN,Painted Pony Energy Ltd
POU:CN,Paramount Resources Ltd
POW:CN,Power Corp Of Canada
PP:CN,Pacific Silk Road Resources Group Inc
PPE.H:CN,Pacific Paradym Energy Inc
PPL:CN,Pembina Pipeline Corp
PPR:CN,Prairie Provident Resources Inc
PPX:CN,PPX Mining Corp
PQE:CN,Petroteq Energy Inc
PRB:CN,Probe Metals Inc
PRG:CN,Precipitate Gold Corp
PRO:CN,Pershimex Resources Corp
PRQ:CN,Petrus Resources Ltd
PRV.UN:CN,PRO Real Estate Investment Trust
PRZ:CN,Prize Mining Corp
PSD:CN,Pulse Seismic Inc
PSH:CN,PetroShale Inc
PSI:CN,Pason Systems Inc
PSK:CN,PrairieSky Royalty Ltd
PTG:CN,Pivot Technology Solutions Inc
PTK:CN,POET Technologies Inc
PTM:CN,Platinum Group Metals Ltd
PTQ:CN,Protech Home Medical Corp
PTS:CN,Points International Ltd
PTU:CN,Purepoint Uranium Group Inc
PTV.H:CN^19,Petro Vista Energy Corp
PUC:CN,Pancontinental Resources Corp
PUMA:CN,Puma Exploration Inc
PVF.UN:CN,Partners Value Investments LP
PVG:CN,Pretium Resources Inc
PWF:CN,Power Financial Corp
PX:CN,Pelangio Exploration Inc
PXT:CN,Parex Resources Inc
PYR:CN,PyroGenesis Canada Inc
PZA:CN,Pizza Pizza Royalty Corp
QBR.B:CN,Quebecor Inc
QEC:CN,Questerre Energy Corp
QMX:CN,QMX Gold Corp
QSP.UN:CN,Restaurant Brands International LP
QSR:CN,Restaurant Brands International Inc
QST:CN,Questor Technology Inc
QTA:CN,Quaterra Resources Inc
QTRH:CN,Quarterhill Inc
QYOU:CN,QYOU Media Inc
QZM:CN,Quartz Mountain Resources Ltd
RAY.A:CN,Stingray Group Inc
RBA:CN,Ritchie Bros Auctioneers Inc
RBX:CN,Robex Resources Inc
RCH:CN,Richelieu Hardware Ltd
RCI.B:CN,Rogers Communications Inc
RCLF:CN,Rockcliff Metals Corp
RCT:CN,Rochester Resources Ltd
RDL:CN,Redline Communications Group Inc
REAL:CN,Real Matters Inc
RECP:CN,Recipe Unlimited Corp
REG:CN,Regulus Resources Inc
REI.UN:CN,RioCan Real Estate Investment Trust
REKO:CN,Reko International Group Inc
REN:CN,Renaissance Gold Inc
RET.A:CN,Reitmans (Canada) Ltd
REW:CN,Rewardstream Solutions Inc
REZ:CN,Global Battery Metals Ltd
RFC:CN,RIFCO Inc
RFP:CN,Resolute Forest Products Inc
RG:CN,Romios Gold Resources Inc
RGD:CN,Reunion Gold Corp
RGX:CN,Argex Titanium Inc
RIO:CN,RIO2 Ltd
RK:CN,Rockhaven Resources Ltd
RKR:CN,Rokmaster Resources Corp
RME:CN,Rocky Mountain Dealerships Inc
RMK:CN,Red Moon Resources Inc
RML:CN,Rusoro Mining Ltd
RMX:CN,Rubicon Minerals Corp
RNW:CN,TransAlta Renewables Inc
RNX:CN,Royal Nickel Corp
ROC:CN,Red Oak Mining Corp
ROE:CN,Renaissance Oil Corp
ROI:CN,Route1 Inc
ROOT:CN,Roots Corp
ROXG:CN,Roxgold Inc
RP:CN,RepliCel Life Sciences Inc
RPC:CN,Raise Production Inc
RPI.UN:CN,Richards Packaging Income Fund
RPX:CN,Red Pine Exploration Inc
RRS:CN,Rogue Resources Inc
RSI:CN,Rogers Sugar Inc
RSS:CN,RESAAS Services Inc
RTG:CN,RTG Mining Inc
RTN:CN,Return Energy Inc
RUF.UN:CN,Pure Multi-Family REIT LP
RUG:CN,Rugby Mining Ltd
RUM:CN,Rocky Mountain Liquor Inc
RUS:CN,Russel Metals Inc
RVV:CN,Revive Therapeutics Ltd
RVX:CN,Resverlogix Corp
RW:CN,RenoWorks Software Inc
RX:CN,Biosyent Inc
RY:CN,Royal Bank of Canada
RYO:CN,Rio Silver Inc
RYR:CN,Royal Road Minerals Ltd
RZZ:CN,Abitibi Royalties Inc
S:CN,Sherritt International Corp
SA:CN,Southern Arc Minerals Inc
SAH:CN,Sahara Energy Ltd
SAM:CN,Starcore International Mines Ltd
SAP:CN,Saputo Inc
SAT:CN,Asian Television Network International Ltd
SAU:CN,St Augustine Gold and Copper Ltd
SB:CN,Stratabound Minerals Corp
SBB:CN,Sabina Gold & Silver Corp
SBI:CN,Serabi Gold PLC
SBM:CN,Sirona Biochem Corp
SBR:CN,Silver Bear Resources Inc
SBW:CN,Strongbow Exploration Inc.
SCB:CN,Street Capital Group Inc
SCL:CN,ShawCor Ltd
SCOT:CN,Scottie Resources Corp
SCR:CN,theScore Inc
SCU:CN,Second Cup Ltd (The)
SCY:CN,Scandium International Mining Corp
SCZ:CN,Santacruz Silver Mining Ltd
SDC:CN,SolidusGold Inc
SDI:CN,Stampede Drilling Inc
SDR:CN,Stroud Resources Ltd
SDX:CN^19,SDX Energy plc
SDY:CN,Strad Inc
SEA:CN,Seabridge Gold Inc
SEB:CN,Smart Employee Benefits Inc
SEC:CN,Senvest Capital Inc
SEI:CN,Sintana Energy Inc
SES:CN,Secure Energy Services Inc
SEV:CN,Spectra7 Microsystems Inc
SFR:CN,Sandfire Resources America Inc
SFX:CN,Sphinx Resources Ltd
SGE:CN,Strategem Capital Corp
SGI:CN,SUPERIOR GOLD INC
SGM:CN,Sutter Gold Mining Inc
SGN:CN,Scorpio Gold Corp
SGQ:CN,Southgobi Resources Ltd
SGY:CN,Surge Energy Inc
SGZ:CN,Sego Resources Inc
SHLE:CN,Souce Energy Services
SHOP:CN,Shopify Inc
SIA:CN,Sienna Senior Living Inc
SIE:CN,Sienna Resources Inc
SII:CN,Sprott Inc
SIL:CN,SilverCrest Metals Inc
SILV.H:CN,Caracara Silver Inc
SIR:CN,Serengeti Resources Inc
SIS:CN,Savaria Corp
SJ:CN,Stella-Jones Inc
SJR.B:CN,Shaw Communications Inc.
SLF:CN,Sun Life Financial Inc
SLR:CN,Solitario Zinc Corp
SMC:CN,Sulliden Mining Capital Inc
SMD:CN,Strategic Metals Ltd
SME:CN,Sama Resources Inc/Ressources Sama Inc
SMF:CN,Semafo Inc
SMM:CN,Silver Mountain Mines Inc
SMN:CN,San Marco Resources Inc
SMS:CN,Sustainco Inc
SMT:CN,Sierra Metals Inc
SMU.UN:CN,Summit Industrial Income REIT
SMY:CN,Search Minerals Inc
SNC:CN,SNC-Lavalin Group Inc
SNG:CN,Silver Range Resources Ltd
SNM:CN,ShaMaran Petroleum Corp
SNS:CN,Select Sands Corp
SOG.H:CN,Strategic Oil & Gas Ltd.
SOLR:CN,Solar Alliance Energy Inc
SOP:CN,Soperior Fertilizer Corp
SOT.UN:CN,Slate Office REIT
SOU:CN,Southern Energy Corp
SOX:CN,Stuart Olson Inc
SOY:CN,SunOpta Inc
SPA:CN,Spanish Mountain Gold Ltd
SPB:CN,Superior Plus Corp
SPD:CN,Silver Predator Corp
SPI:CN,Canadian Spirit Resources Corp
SPN:CN,Snipp Interactive Inc
SPP:CN,Spot Coffee Canada Ltd
SPS:CN,Sportscene Group Inc
SQD:CN,SQI Diagnostics Inc
SQG:CN,Spackman Equities Group Inc
SQP:CN,Strongco Corp
SRC:CN,Stakeholder Gold Corp
SRG:CN,SRG Graphite Inc
SRHI:CN,SPROTT RESOURCE HLDGS INC
SRT.UN:CN,Slate Retail REIT
SRU.UN:CN,SmartCentres Real Estate Investment Trust
SRV.UN:CN,SIR Royalty Income Fund
SRX:CN,Storm Resources Ltd
SSC:CN,Smartcool Systems Inc
SSE:CN,Silver Spruce Resources Inc
SSL:CN,Sandstorm Gold Ltd
SSP:CN,Sandspring Resources Ltd
SSRM:CN,SSR Mining Inc
STC:CN,Sangoma Technologies Corp
STEP:CN,Step Energy Services Ltd
STGO:CN,Steppe Gold Ltd
STMP:CN,STAMPER OIL & GAS CORP
STN:CN,Stantec Inc
SU:CN,Suncor Energy Inc.
SUGR:CN,Sugarbud Craft Growers Corp
SUM:CN^19,Solium Capital Inc
SURG:CN,Surge Copper Corp
SVA:CN,Sernova Corp
SVB:CN,Silver Bull Resources Inc
SVE:CN,Silver One Resources Inc
SVI:CN,StorageVault Canada Inc
SVM:CN,Silvercorp Metals Inc
SW:CN,Sierra Wireless Inc
SWA:CN,Sarama Resources Ltd
SWH:CN,Sunwah International Ltd
SWP:CN,Swiss Water Decaffeinated Coffee Inc
SWY:CN,Stornoway Diamond Corp
SXE:CN,Strata-X Energy Ltd
SXI:CN,Synex International Inc
SXL:CN,Slam Exploration Ltd
SXP:CN,Supremex Inc
SYZ:CN,Sylogist Ltd
SZM:CN,ScoZinc Mining Ltd
T:CN,TELUS Corp
TA:CN,TransAlta Corp
TAO:CN,Tag Oil Ltd
TBL:CN,Taiga Building Products Ltd
TC:CN,Tucows Inc
TCL.A:CN,Transcontinental Inc
TCN:CN,Tricon Capital Group Inc
TCO:CN,Transatlantic Mining Corp
TCS:CN,TECSYS Inc
TCW:CN,Trican Well Service Ltd
TD:CN,Toronto-Dominion Bank (The)
TDG:CN^19,Trinidad Drilling Ltd
TECK.B:CN,Teck Resources Ltd
TEI:CN,Toscana Energy Income Corp
TELO:CN,Telo Genomics Corp
TES:CN,Tesoro Minerals Corp
TEV:CN,Tervita Corp
TFII:CN,TFI International Inc
TGL:CN,TransGlobe Energy Corp
TGO:CN,TeraGo Inc
TGOD:CN,The Green Organic Dutchman Holdings Ltd
TGV:CN,Tango Mining Ltd
TGX:CN,True North Gems Inc
TGZ:CN,Teranga Gold Corp
TH:CN,Theratechnologies Inc
THO:CN^19,Tahoe Resources Inc
TI:CN,Titan Mining Corp
TIC:CN,Titanium Corp Inc
TIG:CN,Triumph Gold Corp
TIH:CN,Toromont Industries Ltd
TII:CN,Terra Firma Capital Corp
TIM:CN,Toachi Mining Inc
TIN.H:CN,Eurotin Inc
TK:CN,Tinka Resources Ltd
TKO:CN,Taseko Mines Ltd
TLA:CN,Titan Logix Corp
TLG:CN,Troilus Gold Corp
TLK:CN,Frankly Inc
TLO:CN,Talon Metals Corp
TLT:CN,Theralase Technologies Inc
TMD:CN,Titan Medical Inc
TMG:CN,Thermal Energy International Inc
TMI:CN,TriMetals Mining Inc
TML:CN,Treasury Metals Inc
TMQ:CN,Trilogy Metals Inc
TMR:CN,TMAC Resources Inc
TNA:CN,Evergreen Gaming Corp
TNP:CN,TransAtlantic Petroleum Ltd
TNT.UN:CN,True North Commercial Real Estate Investment Trust
TNX:CN,Tanzanian Gold Corp
TOE:CN,Tri Origin Exploration Ltd
TOG:CN,TORC Oil & Gas Ltd
TOM:CN,Amilot Capital Inc
TORQ:CN,Torq Resources Inc
TOS:CN,TSO3 Inc
TOT:CN,Total Energy Services Inc
TOU:CN,Tourmaline Oil Corp
TOY:CN,Spin Master Corp
TPH:CN,Temple Hotels Inc
TPL.H:CN,Tethys Petroleum Ltd
TPX.B:CN,Molson Coors Canada Inc
TRA:CN,Teras Resources Inc
TRI:CN,Thomson Reuters Corp
TRIL:CN,Trillium Therapeutics Inc
TRL:CN,Trilogy International Partners Inc
TRP:CN,TC Energy Corp
TRQ:CN,Turquoise Hill Resources Ltd
TRST:CN,CannTrust Holdings Inc
TRZ:CN,Transat A.T. Inc
TS.B:CN,Torstar Corp
TSD:CN,Tsodilo Resources Ltd
TSG:CN,TriStar Gold Inc
TSGI:CN,Stars Group Inc
TSL:CN,Tree Island Steel Ltd
TSN:CN,Telson Mining Corp
TSU:CN,Trisura Group Ltd
TTR:CN,Titanium Transportation Group Inc
TUD:CN,Tudor Gold Corp
TV:CN,Trevali Mining Corp
TVA.B:CN,TVA Group Inc
TVE:CN,Tamarack Valley Energy Ltd
TVI:CN,TVI Pacific Inc
TVK:CN,Terravest Industries Inc
TVL:CN,Traverse Energy Ltd
TWC:CN,TWC Enterprises Ltd
TWM:CN,Tidewater Midstream and Infrastructure Ltd
TWY:CN,Twyford Ventures Inc
TXG:CN,Torex Gold Resources Inc
TXP:CN,Touchstone Exploration Inc
TXR:CN,TerraX Minerals Inc
TZM.H:CN^19,Tanzania Minerals Corp
TZR:CN,Terrace Energy Corp
TZZ:CN,Trez Capital Mortgage Investment Corp
U:CN,Uranium Participation Corp
UCU:CN,Ucore Rare Metals Inc
UEX:CN,UEX Corp
UFS:CN,Domtar Corp
UGD:CN,Unigold Inc
UGE:CN,UGE International Ltd
UI:CN,Urbanimmersive Inc
UNI:CN,Unisync Corp
UNS:CN,Uni-Select Inc
UNV:CN,Universal Copper Ltd
UR:CN,UrtheCast Corp
URB.A:CN,Urbana Corp
URE:CN,Ur-Energy Inc
USA:CN,Americas Silver Corp
USS:CN,Uniserve Communications Corp
UTY:CN,Unity Metals Corp
UVN:CN,Uravan Minerals Inc
UWE:CN,U3O8 Corp
VAN:CN,Vangold Mining Corp
VB:CN,VersaBank
VCI:CN,Vitreous Glass Inc
VCM:CN,Vecima Networks Inc
VCOM:CN,Vivere Communities Inc
VDO.H:CN,Nevado Resources Corp
VEC:CN,Vanadian Energy Corp
VEIN:CN,Enforcer Gold Corp
VET:CN,Vermilion Energy Inc
VFF:CN,Village Farms International Inc
VGD:CN,Visible Gold Mines Inc
VGZ:CN,Vista Gold Corp
VII:CN,Seven Generations Energy Ltd
VIT:CN,Victoria Gold Corp
VIV:CN,Avivagen Inc
VIVO:CN,VIVO Cannabis Inc
VLE:CN,Valeura Energy Inc
VLN:CN,Velan Inc
VMD:CN,Viemed Healthcare Inc
VMY.H:CN,Voice Mobility International Inc
VNP:CN,5N Plus Inc
VNR:CN,Valener Inc
VO:CN,ValOre Metals Corp
VONE:CN,Vanadium One Iron Corp
VPY:CN,VersaPay Corp
VQS:CN,VIQ Solutions Inc
VRB:CN,VanadiumCorp Resources Inc
VRO:CN^19,Valoro Resources Inc
VRY:CN,Petro-Victory Energy Corp
VTI:CN,Valdor Technology International Inc
VTT:CN,Vendetta Mining Corp
VUI:CN,Virginia Energy Resources Inc
VVI.H:CN^19,Valencia Ventures Inc
VXL:CN,Vaxil Bio Ltd
VZZ:CN,Val-d'Or Mining Corp
WAR:CN,War Eagle Mining Co Inc
WATR:CN,Current Water Technologies Inc
WBR:CN,Waterloo Brewing Ltd
WCC:CN,Consolidated Woodjam Copper Corp
WCM.A:CN,Wilmington Capital Management Inc
WCN:CN,Waste Connections Inc.
WCP:CN,Whitecap Resources Inc
WDO:CN,Wesdome Gold Mines Ltd
WED:CN,Westaim Corp (The)
WEE:CN,Wavefront Technology Solutions Inc
WEED:CN,Canopy Growth Corp
WEF:CN,Western Forest Products Inc
WFC:CN,Wall Financial Corp
WFG:CN,Waterfront Capital Corp
WFT:CN,West Fraser Timber Co. Ltd
WHN:CN,Westhaven Ventures Inc
WHY:CN,West High Yield (W.H.Y.) Resources Ltd
WIL:CN,Wilton Resources Inc
WJA:CN,WestJet Airlines Ltd
WJX:CN,Wajax Corp
WKM:CN,West Kirkland Mining Inc
WLF:CN,Wolfden Resources Corp
WM:CN,Wallbridge Mining Co Ltd
WMK.H:CN,Whitemud Resources Inc
WMR:CN,Westminster Resources Ltd
WN:CN,George Weston Ltd
WOW:CN,Wow Unlimited Media Inc
WPK:CN,Winpak Ltd
WPM:CN,Wheaton Precious Metals Corp
WPRT:CN,Westport Fuel Systems Inc
WRG:CN,Western Energy Services Corp
WRN:CN,Western Copper and Gold Corp
WRX:CN,Western Resources Corp
WRY:CN,Western Troy Capital Resources Inc
WSP:CN,WSP Global Inc
WTE:CN,Westshore Terminals Investment Corp
X:CN,TMX Group Ltd
XAG:CN,Xtierra Inc
XAU:CN,GoldMoney Inc
XBC:CN,XEBEC Adsorption Inc
XCT:CN,exactEarth Ltd
XCX:CN,Chinook Tyee Industry Ltd
XL:CN,XXL Energy Corp
XTC:CN,Exco Technologies Ltd
XTG:CN,Xtra-Gold Resources Corp
XX:CN,Avante Logixx Inc
Y:CN,Yellow Pages Ltd
YAK:CN,Mongolia Growth Group Ltd
YGR:CN,Yangarra Resources Ltd
YMI:CN^19,Yellowhead Mining Inc
YOO:CN,Yangaroo Inc
YRB:CN,Yorbeau Resources Inc
YRI:CN,Yamana Gold Inc
YTY:CN,WI2WI Corp
Z:CN,Zinc One Resources Inc
ZAR:CN,Zargon Oil & Gas Ltd
ZCL:CN^19,ZCL Composites Inc
ZDC:CN,Zedcor Energy Inc
ZEN:CN,ZEN Graphene Solutions Ltd
ZMA:CN,Zoomaway Travel Inc
ZMS:CN,Zecotek Photonics Inc
ZNC.H:CN,Zincore Metals Inc
ZNX:CN,Zincx Resources Corp
ZOM:CN,Zomedica Pharmaceuticals Corp
ZUM:CN,ZoomerMedia Ltd
ZYME:CN,Zymeworks Inc
ZZZ:CN,Sleep Country Canada Holdings Inc
